,Level,HP,Attack,EXP
1,1,100,10,110
2,2,110,12,121
3,3,120,14,133.1
4,4,130,16,146.41
5,5,140,18,161.051
6,6,150,20,177.1561
7,7,160,22,194.87171
8,8,170,24,214.358881
9,9,180,26,235.7947691
10,10,190,28,259.374246
